"dataset","dataset_label","replicate","scenario","method","taxon","p_value","native_p_value","available","status","reason"
"MetaCardis_2020_a","MetaCardis_2020_a",1,"balanced","DASRA","Acidaminococcus",1,1,TRUE,"available","available"
"MetaCardis_2020_a","MetaCardis_2020_a",1,"balanced","DASRA","Adlercreutzia",0.899001579865239,0.899001579865239,TRUE,"available","available"
"MetaCardis_2020_a","MetaCardis_2020_a",1,"balanced","DASRA","Alistipes",1,1,TRUE,"available","available"
"MetaCardis_2020_a","MetaCardis_2020_a",1,"balanced","DASRA","Anaeromassilibacillus",0.140968777062579,0.140968777062579,TRUE,"available","available"
"MetaCardis_2020_a","MetaCardis_2020_a",1,"balanced","DASRA","Anaerotignum",0.651805853367696,0.651805853367696,TRUE,"available","available"
"MetaCardis_2020_a","MetaCardis_2020_a",1,"balanced","DASRA","Bacteroides",0.999010772906163,0.999010772906163,TRUE,"available","available"
"MetaCardis_2020_a","MetaCardis_2020_a",1,"balanced","DASRA","Bilophila",0.663914113911262,0.663914113911262,TRUE,"available","available"
"MetaCardis_2020_a","MetaCardis_2020_a",1,"balanced","DASRA","Butyricimonas",0.0691363772726712,0.0691363772726712,TRUE,"available","available"
"MetaCardis_2020_a","MetaCardis_2020_a",1,"balanced","DASRA","Butyrivibrio",1,1,TRUE,"available","available"
"MetaCardis_2020_a","MetaCardis_2020_a",1,"balanced","DASRA","Christensenella",0.178565955007355,0.178565955007355,TRUE,"available","available"
"MetaCardis_2020_a","MetaCardis_2020_a",1,"balanced","DASRA","Clostridium",0.554503885859861,0.554503885859861,TRUE,"available","available"
"MetaCardis_2020_a","MetaCardis_2020_a",1,"balanced","DASRA","Dielma",1,1,TRUE,"available","available"
"MetaCardis_2020_a","MetaCardis_2020_a",1,"balanced","DASRA","Firmicutes_unclassified",0.187657836894987,0.187657836894987,TRUE,"available","available"
"MetaCardis_2020_a","MetaCardis_2020_a",1,"balanced","DASRA","Flavonifractor",0.657740010067663,0.657740010067663,TRUE,"available","available"
"MetaCardis_2020_a","MetaCardis_2020_a",1,"balanced","DASRA","Fusicatenibacter",0.12317289620568,0.12317289620568,TRUE,"available","available"
"MetaCardis_2020_a","MetaCardis_2020_a",1,"balanced","DASRA","Holdemania",1,1,TRUE,"available","available"
"MetaCardis_2020_a","MetaCardis_2020_a",1,"balanced","DASRA","Hungatella",0.117342242117053,0.117342242117053,TRUE,"available","available"
"MetaCardis_2020_a","MetaCardis_2020_a",1,"balanced","DASRA","Intestinibacter",0.2102105449408,0.2102105449408,TRUE,"available","available"
"MetaCardis_2020_a","MetaCardis_2020_a",1,"balanced","DASRA","Klebsiella",0.215258345501706,0.215258345501706,TRUE,"available","available"
"MetaCardis_2020_a","MetaCardis_2020_a",1,"balanced","DASRA","Lactobacillus",0.602625856787682,0.602625856787682,TRUE,"available","available"
"MetaCardis_2020_a","MetaCardis_2020_a",1,"balanced","DASRA","Lawsonibacter",0.587957598589583,0.587957598589583,TRUE,"available","available"
"MetaCardis_2020_a","MetaCardis_2020_a",1,"balanced","DASRA","Monoglobus",1,1,TRUE,"available","available"
"MetaCardis_2020_a","MetaCardis_2020_a",1,"balanced","DASRA","Parabacteroides",0.705095315902673,0.705095315902673,TRUE,"available","available"
"MetaCardis_2020_a","MetaCardis_2020_a",1,"balanced","DASRA","Paraprevotella",1,1,TRUE,"available","available"
"MetaCardis_2020_a","MetaCardis_2020_a",1,"balanced","DASRA","Proteobacteria_unclassified",0.912723103785649,0.912723103785649,TRUE,"available","available"
"MetaCardis_2020_a","MetaCardis_2020_a",1,"balanced","DASRA","Ruminococcaceae_unclassified",0.499537158997924,0.499537158997924,TRUE,"available","available"
"MetaCardis_2020_a","MetaCardis_2020_a",1,"balanced","DASRA","Ruminococcus",1,1,TRUE,"available","available"
"MetaCardis_2020_a","MetaCardis_2020_a",1,"balanced","DASRA","Sellimonas",0.834120132229214,0.834120132229214,TRUE,"available","available"
"MetaCardis_2020_a","MetaCardis_2020_a",1,"balanced","DASRA","Turicimonas",0.235951010516233,0.235951010516233,TRUE,"available","available"
"MetaCardis_2020_a","MetaCardis_2020_a",1,"balanced","DASRA","Veillonella",0.481709556830409,0.481709556830409,TRUE,"available","available"
"MetaCardis_2020_a","MetaCardis_2020_a",1,"balanced","ZINQ Cauchy","Acidaminococcus",0.748174187048884,0.748174187048884,TRUE,"available","available"
"MetaCardis_2020_a","MetaCardis_2020_a",1,"balanced","ZINQ Cauchy","Adlercreutzia",0.647870383737522,0.647870383737522,TRUE,"available","available"
"MetaCardis_2020_a","MetaCardis_2020_a",1,"balanced","ZINQ Cauchy","Alistipes",0.573410640478348,0.573410640478348,TRUE,"available","available"
"MetaCardis_2020_a","MetaCardis_2020_a",1,"balanced","ZINQ Cauchy","Anaeromassilibacillus",0.0727990140334959,0.0727990140334959,TRUE,"available","available"
"MetaCardis_2020_a","MetaCardis_2020_a",1,"balanced","ZINQ Cauchy","Anaerotignum",0.499905288811609,0.499905288811609,TRUE,"available","available"
"MetaCardis_2020_a","MetaCardis_2020_a",1,"balanced","ZINQ Cauchy","Bacteroides",0.883956291197143,0.883956291197143,TRUE,"available","available"
"MetaCardis_2020_a","MetaCardis_2020_a",1,"balanced","ZINQ Cauchy","Bilophila",0.275772978379232,0.275772978379232,TRUE,"available","available"
"MetaCardis_2020_a","MetaCardis_2020_a",1,"balanced","ZINQ Cauchy","Butyricimonas",0.0857957755365844,0.0857957755365844,TRUE,"available","available"
"MetaCardis_2020_a","MetaCardis_2020_a",1,"balanced","ZINQ Cauchy","Butyrivibrio",0.539098001907812,0.539098001907812,TRUE,"available","available"
"MetaCardis_2020_a","MetaCardis_2020_a",1,"balanced","ZINQ Cauchy","Christensenella",0.338474733653267,0.338474733653267,TRUE,"available","available"
"MetaCardis_2020_a","MetaCardis_2020_a",1,"balanced","ZINQ Cauchy","Clostridium",0.909373306100378,0.909373306100378,TRUE,"available","available"
"MetaCardis_2020_a","MetaCardis_2020_a",1,"balanced","ZINQ Cauchy","Dielma",0.778309201560258,0.778309201560258,TRUE,"available","available"
"MetaCardis_2020_a","MetaCardis_2020_a",1,"balanced","ZINQ Cauchy","Firmicutes_unclassified",0.997430063418223,0.997430063418223,TRUE,"available","available"
"MetaCardis_2020_a","MetaCardis_2020_a",1,"balanced","ZINQ Cauchy","Flavonifractor",0.536063448274075,0.536063448274075,TRUE,"available","available"
"MetaCardis_2020_a","MetaCardis_2020_a",1,"balanced","ZINQ Cauchy","Fusicatenibacter",0.986108451143543,0.986108451143543,TRUE,"available","available"
"MetaCardis_2020_a","MetaCardis_2020_a",1,"balanced","ZINQ Cauchy","Holdemania",0.520153321477308,0.520153321477308,TRUE,"available","available"
"MetaCardis_2020_a","MetaCardis_2020_a",1,"balanced","ZINQ Cauchy","Hungatella",0.241755977330251,0.241755977330251,TRUE,"available","available"
"MetaCardis_2020_a","MetaCardis_2020_a",1,"balanced","ZINQ Cauchy","Intestinibacter",0.800159749677912,0.800159749677912,TRUE,"available","available"
"MetaCardis_2020_a","MetaCardis_2020_a",1,"balanced","ZINQ Cauchy","Klebsiella",0.562282784858397,0.562282784858397,TRUE,"available","available"
"MetaCardis_2020_a","MetaCardis_2020_a",1,"balanced","ZINQ Cauchy","Lactobacillus",0.370106375411637,0.370106375411637,TRUE,"available","available"
"MetaCardis_2020_a","MetaCardis_2020_a",1,"balanced","ZINQ Cauchy","Lawsonibacter",0.0410500665098624,0.0410500665098624,TRUE,"available","available"
"MetaCardis_2020_a","MetaCardis_2020_a",1,"balanced","ZINQ Cauchy","Monoglobus",0.576247941805264,0.576247941805264,TRUE,"available","available"
"MetaCardis_2020_a","MetaCardis_2020_a",1,"balanced","ZINQ Cauchy","Parabacteroides",0.348068453442272,0.348068453442272,TRUE,"available","available"
"MetaCardis_2020_a","MetaCardis_2020_a",1,"balanced","ZINQ Cauchy","Paraprevotella",0.878001051730365,0.878001051730365,TRUE,"available","available"
"MetaCardis_2020_a","MetaCardis_2020_a",1,"balanced","ZINQ Cauchy","Proteobacteria_unclassified",0.895840670405554,0.895840670405554,TRUE,"available","available"
"MetaCardis_2020_a","MetaCardis_2020_a",1,"balanced","ZINQ Cauchy","Ruminococcaceae_unclassified",0.218904366612402,0.218904366612402,TRUE,"available","available"
"MetaCardis_2020_a","MetaCardis_2020_a",1,"balanced","ZINQ Cauchy","Ruminococcus",0.384163085429,0.384163085429,TRUE,"available","available"
"MetaCardis_2020_a","MetaCardis_2020_a",1,"balanced","ZINQ Cauchy","Sellimonas",0.5409883637971,0.5409883637971,TRUE,"available","available"
"MetaCardis_2020_a","MetaCardis_2020_a",1,"balanced","ZINQ Cauchy","Turicimonas",0.402231198097017,0.402231198097017,TRUE,"available","available"
"MetaCardis_2020_a","MetaCardis_2020_a",1,"balanced","ZINQ Cauchy","Veillonella",0.205362986427505,0.205362986427505,TRUE,"available","available"
"MetaCardis_2020_a","MetaCardis_2020_a",1,"balanced","MaAsLin3 joint","Acidaminococcus",0.890612156000285,0.890612156000285,TRUE,"available","available"
"MetaCardis_2020_a","MetaCardis_2020_a",1,"balanced","MaAsLin3 joint","Adlercreutzia",0.684600442568072,0.684600442568072,TRUE,"available","available"
"MetaCardis_2020_a","MetaCardis_2020_a",1,"balanced","MaAsLin3 joint","Alistipes",0.812377231598834,0.812377231598834,TRUE,"available","available"
"MetaCardis_2020_a","MetaCardis_2020_a",1,"balanced","MaAsLin3 joint","Anaeromassilibacillus",0.0994219074734506,0.0994219074734506,TRUE,"available","available"
"MetaCardis_2020_a","MetaCardis_2020_a",1,"balanced","MaAsLin3 joint","Anaerotignum",0.610939803899035,0.610939803899035,TRUE,"available","available"
"MetaCardis_2020_a","MetaCardis_2020_a",1,"balanced","MaAsLin3 joint","Bacteroides",1,0.986340694516597,FALSE,"unavailable","both component models and a consistent joint p-value were required"
"MetaCardis_2020_a","MetaCardis_2020_a",1,"balanced","MaAsLin3 joint","Bilophila",0.321388114979248,0.321388114979248,TRUE,"available","available"
"MetaCardis_2020_a","MetaCardis_2020_a",1,"balanced","MaAsLin3 joint","Butyricimonas",0.0754942066860039,0.0754942066860039,TRUE,"available","available"
"MetaCardis_2020_a","MetaCardis_2020_a",1,"balanced","MaAsLin3 joint","Butyrivibrio",0.829035479797805,0.829035479797805,TRUE,"available","available"
"MetaCardis_2020_a","MetaCardis_2020_a",1,"balanced","MaAsLin3 joint","Christensenella",0.472389117008825,0.472389117008825,TRUE,"available","available"
"MetaCardis_2020_a","MetaCardis_2020_a",1,"balanced","MaAsLin3 joint","Clostridium",0.502032524818595,0.502032524818595,TRUE,"available","available"
"MetaCardis_2020_a","MetaCardis_2020_a",1,"balanced","MaAsLin3 joint","Dielma",0.892308590231666,0.892308590231666,TRUE,"available","available"
"MetaCardis_2020_a","MetaCardis_2020_a",1,"balanced","MaAsLin3 joint","Firmicutes_unclassified",0.158872388273943,0.158872388273943,TRUE,"available","available"
"MetaCardis_2020_a","MetaCardis_2020_a",1,"balanced","MaAsLin3 joint","Flavonifractor",0.374724222528319,0.374724222528319,TRUE,"available","available"
"MetaCardis_2020_a","MetaCardis_2020_a",1,"balanced","MaAsLin3 joint","Fusicatenibacter",0.12216909224694,0.12216909224694,TRUE,"available","available"
"MetaCardis_2020_a","MetaCardis_2020_a",1,"balanced","MaAsLin3 joint","Holdemania",0.70765968134819,0.70765968134819,TRUE,"available","available"
"MetaCardis_2020_a","MetaCardis_2020_a",1,"balanced","MaAsLin3 joint","Hungatella",0.123278418770843,0.123278418770843,TRUE,"available","available"
"MetaCardis_2020_a","MetaCardis_2020_a",1,"balanced","MaAsLin3 joint","Intestinibacter",0.261413978008881,0.261413978008881,TRUE,"available","available"
"MetaCardis_2020_a","MetaCardis_2020_a",1,"balanced","MaAsLin3 joint","Klebsiella",0.110239417394876,0.110239417394876,TRUE,"available","available"
"MetaCardis_2020_a","MetaCardis_2020_a",1,"balanced","MaAsLin3 joint","Lactobacillus",0.581801905738738,0.581801905738738,TRUE,"available","available"
"MetaCardis_2020_a","MetaCardis_2020_a",1,"balanced","MaAsLin3 joint","Lawsonibacter",0.0520055264977997,0.0520055264977997,TRUE,"available","available"
"MetaCardis_2020_a","MetaCardis_2020_a",1,"balanced","MaAsLin3 joint","Monoglobus",0.825535137511097,0.825535137511097,TRUE,"available","available"
"MetaCardis_2020_a","MetaCardis_2020_a",1,"balanced","MaAsLin3 joint","Parabacteroides",0.487427838504921,0.487427838504921,TRUE,"available","available"
"MetaCardis_2020_a","MetaCardis_2020_a",1,"balanced","MaAsLin3 joint","Paraprevotella",0.795909099642027,0.795909099642027,TRUE,"available","available"
"MetaCardis_2020_a","MetaCardis_2020_a",1,"balanced","MaAsLin3 joint","Proteobacteria_unclassified",0.589652631808904,0.589652631808904,TRUE,"available","available"
"MetaCardis_2020_a","MetaCardis_2020_a",1,"balanced","MaAsLin3 joint","Ruminococcaceae_unclassified",0.144437258527121,0.144437258527121,TRUE,"available","available"
"MetaCardis_2020_a","MetaCardis_2020_a",1,"balanced","MaAsLin3 joint","Ruminococcus",0.670441029255502,0.670441029255502,TRUE,"available","available"
"MetaCardis_2020_a","MetaCardis_2020_a",1,"balanced","MaAsLin3 joint","Sellimonas",0.802498114660608,0.802498114660608,TRUE,"available","available"
"MetaCardis_2020_a","MetaCardis_2020_a",1,"balanced","MaAsLin3 joint","Turicimonas",0.152141724440741,0.152141724440741,TRUE,"available","available"
"MetaCardis_2020_a","MetaCardis_2020_a",1,"balanced","MaAsLin3 joint","Veillonella",0.166139241902985,0.166139241902985,TRUE,"available","available"
"MetaCardis_2020_a","MetaCardis_2020_a",1,"fourfold","DASRA","Acidaminococcus",1,1,TRUE,"available","available"
"MetaCardis_2020_a","MetaCardis_2020_a",1,"fourfold","DASRA","Adlercreutzia",1,1,TRUE,"available","available"
"MetaCardis_2020_a","MetaCardis_2020_a",1,"fourfold","DASRA","Alistipes",1,1,TRUE,"available","available"
"MetaCardis_2020_a","MetaCardis_2020_a",1,"fourfold","DASRA","Anaeromassilibacillus",1,1,TRUE,"available","available"
"MetaCardis_2020_a","MetaCardis_2020_a",1,"fourfold","DASRA","Anaerotignum",0.652428292836556,0.652428292836556,TRUE,"available","available"
"MetaCardis_2020_a","MetaCardis_2020_a",1,"fourfold","DASRA","Bacteroides",1,1,TRUE,"available","available"
"MetaCardis_2020_a","MetaCardis_2020_a",1,"fourfold","DASRA","Bilophila",0.692996836882933,0.692996836882933,TRUE,"available","available"
"MetaCardis_2020_a","MetaCardis_2020_a",1,"fourfold","DASRA","Butyricimonas",0.615943553100561,0.615943553100561,TRUE,"available","available"
"MetaCardis_2020_a","MetaCardis_2020_a",1,"fourfold","DASRA","Butyrivibrio",1,1,TRUE,"available","available"
"MetaCardis_2020_a","MetaCardis_2020_a",1,"fourfold","DASRA","Christensenella",0.295209729902773,0.295209729902773,TRUE,"available","available"
"MetaCardis_2020_a","MetaCardis_2020_a",1,"fourfold","DASRA","Clostridium",0.497840875009343,0.497840875009343,TRUE,"available","available"
"MetaCardis_2020_a","MetaCardis_2020_a",1,"fourfold","DASRA","Dielma",0.970599913819685,0.970599913819685,TRUE,"available","available"
"MetaCardis_2020_a","MetaCardis_2020_a",1,"fourfold","DASRA","Firmicutes_unclassified",0.391726427048842,0.391726427048842,TRUE,"available","available"
"MetaCardis_2020_a","MetaCardis_2020_a",1,"fourfold","DASRA","Flavonifractor",0.683613244524496,0.683613244524496,TRUE,"available","available"
"MetaCardis_2020_a","MetaCardis_2020_a",1,"fourfold","DASRA","Fusicatenibacter",0.0791715729801097,0.0791715729801097,TRUE,"available","available"
"MetaCardis_2020_a","MetaCardis_2020_a",1,"fourfold","DASRA","Holdemania",1,1,TRUE,"available","available"
"MetaCardis_2020_a","MetaCardis_2020_a",1,"fourfold","DASRA","Hungatella",0.191632161770239,0.191632161770239,TRUE,"available","available"
"MetaCardis_2020_a","MetaCardis_2020_a",1,"fourfold","DASRA","Intestinibacter",0.989594679114856,0.989594679114856,TRUE,"available","available"
"MetaCardis_2020_a","MetaCardis_2020_a",1,"fourfold","DASRA","Klebsiella",0.80474888840885,0.80474888840885,TRUE,"available","available"
"MetaCardis_2020_a","MetaCardis_2020_a",1,"fourfold","DASRA","Lactobacillus",0.159943450514594,0.159943450514594,TRUE,"available","available"
"MetaCardis_2020_a","MetaCardis_2020_a",1,"fourfold","DASRA","Lawsonibacter",0.427785938059506,0.427785938059506,TRUE,"available","available"
"MetaCardis_2020_a","MetaCardis_2020_a",1,"fourfold","DASRA","Monoglobus",1,1,TRUE,"available","available"
"MetaCardis_2020_a","MetaCardis_2020_a",1,"fourfold","DASRA","Parabacteroides",0.351676087060603,0.351676087060603,TRUE,"available","available"
"MetaCardis_2020_a","MetaCardis_2020_a",1,"fourfold","DASRA","Paraprevotella",0.895059107863572,0.895059107863572,TRUE,"available","available"
"MetaCardis_2020_a","MetaCardis_2020_a",1,"fourfold","DASRA","Proteobacteria_unclassified",1,1,TRUE,"available","available"
"MetaCardis_2020_a","MetaCardis_2020_a",1,"fourfold","DASRA","Ruminococcaceae_unclassified",0.166926767262836,0.166926767262836,TRUE,"available","available"
"MetaCardis_2020_a","MetaCardis_2020_a",1,"fourfold","DASRA","Ruminococcus",1,1,TRUE,"available","available"
"MetaCardis_2020_a","MetaCardis_2020_a",1,"fourfold","DASRA","Sellimonas",0.926772220514755,0.926772220514755,TRUE,"available","available"
"MetaCardis_2020_a","MetaCardis_2020_a",1,"fourfold","DASRA","Turicimonas",1,1,TRUE,"available","available"
"MetaCardis_2020_a","MetaCardis_2020_a",1,"fourfold","DASRA","Veillonella",0.490081666122699,0.490081666122699,TRUE,"available","available"
"MetaCardis_2020_a","MetaCardis_2020_a",1,"fourfold","ZINQ Cauchy","Acidaminococcus",0.32637539709427,0.32637539709427,TRUE,"available","available"
"MetaCardis_2020_a","MetaCardis_2020_a",1,"fourfold","ZINQ Cauchy","Adlercreutzia",0.618302211465444,0.618302211465444,TRUE,"available","available"
"MetaCardis_2020_a","MetaCardis_2020_a",1,"fourfold","ZINQ Cauchy","Alistipes",0.573752288852789,0.573752288852789,TRUE,"available","available"
"MetaCardis_2020_a","MetaCardis_2020_a",1,"fourfold","ZINQ Cauchy","Anaeromassilibacillus",0.369420892580638,0.369420892580638,TRUE,"available","available"
"MetaCardis_2020_a","MetaCardis_2020_a",1,"fourfold","ZINQ Cauchy","Anaerotignum",0.81659013559912,0.81659013559912,TRUE,"available","available"
"MetaCardis_2020_a","MetaCardis_2020_a",1,"fourfold","ZINQ Cauchy","Bacteroides",0.629029717106438,0.629029717106438,TRUE,"available","available"
"MetaCardis_2020_a","MetaCardis_2020_a",1,"fourfold","ZINQ Cauchy","Bilophila",0.317054866909241,0.317054866909241,TRUE,"available","available"
"MetaCardis_2020_a","MetaCardis_2020_a",1,"fourfold","ZINQ Cauchy","Butyricimonas",0.513571349426566,0.513571349426566,TRUE,"available","available"
"MetaCardis_2020_a","MetaCardis_2020_a",1,"fourfold","ZINQ Cauchy","Butyrivibrio",0.96317818172628,0.96317818172628,TRUE,"available","available"
"MetaCardis_2020_a","MetaCardis_2020_a",1,"fourfold","ZINQ Cauchy","Christensenella",0.387969539427966,0.387969539427966,TRUE,"available","available"
"MetaCardis_2020_a","MetaCardis_2020_a",1,"fourfold","ZINQ Cauchy","Clostridium",0.527001201653012,0.527001201653012,TRUE,"available","available"
"MetaCardis_2020_a","MetaCardis_2020_a",1,"fourfold","ZINQ Cauchy","Dielma",0.235683580900277,0.235683580900277,TRUE,"available","available"
"MetaCardis_2020_a","MetaCardis_2020_a",1,"fourfold","ZINQ Cauchy","Firmicutes_unclassified",0.489521120187198,0.489521120187198,TRUE,"available","available"
"MetaCardis_2020_a","MetaCardis_2020_a",1,"fourfold","ZINQ Cauchy","Flavonifractor",0.251707476308006,0.251707476308006,TRUE,"available","available"
"MetaCardis_2020_a","MetaCardis_2020_a",1,"fourfold","ZINQ Cauchy","Fusicatenibacter",0.335224368684742,0.335224368684742,TRUE,"available","available"
"MetaCardis_2020_a","MetaCardis_2020_a",1,"fourfold","ZINQ Cauchy","Holdemania",0.992145870577613,0.992145870577613,TRUE,"available","available"
"MetaCardis_2020_a","MetaCardis_2020_a",1,"fourfold","ZINQ Cauchy","Hungatella",0.306607390388941,0.306607390388941,TRUE,"available","available"
"MetaCardis_2020_a","MetaCardis_2020_a",1,"fourfold","ZINQ Cauchy","Intestinibacter",0.699891746689158,0.699891746689158,TRUE,"available","available"
"MetaCardis_2020_a","MetaCardis_2020_a",1,"fourfold","ZINQ Cauchy","Klebsiella",0.245131403010536,0.245131403010536,TRUE,"available","available"
"MetaCardis_2020_a","MetaCardis_2020_a",1,"fourfold","ZINQ Cauchy","Lactobacillus",0.74298609517463,0.74298609517463,TRUE,"available","available"
"MetaCardis_2020_a","MetaCardis_2020_a",1,"fourfold","ZINQ Cauchy","Lawsonibacter",0.609242579279698,0.609242579279698,TRUE,"available","available"
"MetaCardis_2020_a","MetaCardis_2020_a",1,"fourfold","ZINQ Cauchy","Monoglobus",0.858168010422113,0.858168010422113,TRUE,"available","available"
"MetaCardis_2020_a","MetaCardis_2020_a",1,"fourfold","ZINQ Cauchy","Parabacteroides",0.62262151914227,0.62262151914227,TRUE,"available","available"
"MetaCardis_2020_a","MetaCardis_2020_a",1,"fourfold","ZINQ Cauchy","Paraprevotella",0.732428479923272,0.732428479923272,TRUE,"available","available"
"MetaCardis_2020_a","MetaCardis_2020_a",1,"fourfold","ZINQ Cauchy","Proteobacteria_unclassified",0.807699207468696,0.807699207468696,TRUE,"available","available"
"MetaCardis_2020_a","MetaCardis_2020_a",1,"fourfold","ZINQ Cauchy","Ruminococcaceae_unclassified",0.203109408399885,0.203109408399885,TRUE,"available","available"
"MetaCardis_2020_a","MetaCardis_2020_a",1,"fourfold","ZINQ Cauchy","Ruminococcus",0.820719313305112,0.820719313305112,TRUE,"available","available"
"MetaCardis_2020_a","MetaCardis_2020_a",1,"fourfold","ZINQ Cauchy","Sellimonas",0.132291143015418,0.132291143015418,TRUE,"available","available"
"MetaCardis_2020_a","MetaCardis_2020_a",1,"fourfold","ZINQ Cauchy","Turicimonas",0.331621690983444,0.331621690983444,TRUE,"available","available"
"MetaCardis_2020_a","MetaCardis_2020_a",1,"fourfold","ZINQ Cauchy","Veillonella",0.16049642630167,0.16049642630167,TRUE,"available","available"
"MetaCardis_2020_a","MetaCardis_2020_a",1,"fourfold","MaAsLin3 joint","Acidaminococcus",0.242101855844535,0.242101855844535,TRUE,"available","available"
"MetaCardis_2020_a","MetaCardis_2020_a",1,"fourfold","MaAsLin3 joint","Adlercreutzia",0.797861434685978,0.797861434685978,TRUE,"available","available"
"MetaCardis_2020_a","MetaCardis_2020_a",1,"fourfold","MaAsLin3 joint","Alistipes",0.760456160864227,0.760456160864227,TRUE,"available","available"
"MetaCardis_2020_a","MetaCardis_2020_a",1,"fourfold","MaAsLin3 joint","Anaeromassilibacillus",0.159700341236891,0.159700341236891,TRUE,"available","available"
"MetaCardis_2020_a","MetaCardis_2020_a",1,"fourfold","MaAsLin3 joint","Anaerotignum",0.917319116881109,0.917319116881109,TRUE,"available","available"
"MetaCardis_2020_a","MetaCardis_2020_a",1,"fourfold","MaAsLin3 joint","Bacteroides",1,0.593079158541383,FALSE,"unavailable","both component models and a consistent joint p-value were required"
"MetaCardis_2020_a","MetaCardis_2020_a",1,"fourfold","MaAsLin3 joint","Bilophila",0.762400746317729,0.762400746317729,TRUE,"available","available"
"MetaCardis_2020_a","MetaCardis_2020_a",1,"fourfold","MaAsLin3 joint","Butyricimonas",0.400881883661508,0.400881883661508,TRUE,"available","available"
"MetaCardis_2020_a","MetaCardis_2020_a",1,"fourfold","MaAsLin3 joint","Butyrivibrio",0.770452300413725,0.770452300413725,TRUE,"available","available"
"MetaCardis_2020_a","MetaCardis_2020_a",1,"fourfold","MaAsLin3 joint","Christensenella",0.707694411300768,0.707694411300768,TRUE,"available","available"
"MetaCardis_2020_a","MetaCardis_2020_a",1,"fourfold","MaAsLin3 joint","Clostridium",0.308703003236961,0.308703003236961,TRUE,"available","available"
"MetaCardis_2020_a","MetaCardis_2020_a",1,"fourfold","MaAsLin3 joint","Dielma",0.383802879321521,0.383802879321521,TRUE,"available","available"
"MetaCardis_2020_a","MetaCardis_2020_a",1,"fourfold","MaAsLin3 joint","Firmicutes_unclassified",0.330594399754013,0.330594399754013,TRUE,"available","available"
"MetaCardis_2020_a","MetaCardis_2020_a",1,"fourfold","MaAsLin3 joint","Flavonifractor",0.645671710647035,0.645671710647035,TRUE,"available","available"
"MetaCardis_2020_a","MetaCardis_2020_a",1,"fourfold","MaAsLin3 joint","Fusicatenibacter",0.507042410012476,0.507042410012476,TRUE,"available","available"
"MetaCardis_2020_a","MetaCardis_2020_a",1,"fourfold","MaAsLin3 joint","Holdemania",0.947049061820644,0.947049061820644,TRUE,"available","available"
"MetaCardis_2020_a","MetaCardis_2020_a",1,"fourfold","MaAsLin3 joint","Hungatella",0.415911368638609,0.415911368638609,TRUE,"available","available"
"MetaCardis_2020_a","MetaCardis_2020_a",1,"fourfold","MaAsLin3 joint","Intestinibacter",0.192750515100487,0.192750515100487,TRUE,"available","available"
"MetaCardis_2020_a","MetaCardis_2020_a",1,"fourfold","MaAsLin3 joint","Klebsiella",0.433491821938525,0.433491821938525,TRUE,"available","available"
"MetaCardis_2020_a","MetaCardis_2020_a",1,"fourfold","MaAsLin3 joint","Lactobacillus",0.0963626067642858,0.0963626067642858,TRUE,"available","available"
"MetaCardis_2020_a","MetaCardis_2020_a",1,"fourfold","MaAsLin3 joint","Lawsonibacter",0.237321588680599,0.237321588680599,TRUE,"available","available"
"MetaCardis_2020_a","MetaCardis_2020_a",1,"fourfold","MaAsLin3 joint","Monoglobus",0.222586676231904,0.222586676231904,TRUE,"available","available"
"MetaCardis_2020_a","MetaCardis_2020_a",1,"fourfold","MaAsLin3 joint","Parabacteroides",0.0716270964140419,0.0716270964140419,TRUE,"available","available"
"MetaCardis_2020_a","MetaCardis_2020_a",1,"fourfold","MaAsLin3 joint","Paraprevotella",0.561896549092693,0.561896549092693,TRUE,"available","available"
"MetaCardis_2020_a","MetaCardis_2020_a",1,"fourfold","MaAsLin3 joint","Proteobacteria_unclassified",0.921262907282085,0.921262907282085,TRUE,"available","available"
"MetaCardis_2020_a","MetaCardis_2020_a",1,"fourfold","MaAsLin3 joint","Ruminococcaceae_unclassified",0.0843508369402934,0.0843508369402934,TRUE,"available","available"
"MetaCardis_2020_a","MetaCardis_2020_a",1,"fourfold","MaAsLin3 joint","Ruminococcus",0.436405479058705,0.436405479058705,TRUE,"available","available"
"MetaCardis_2020_a","MetaCardis_2020_a",1,"fourfold","MaAsLin3 joint","Sellimonas",0.263851849318644,0.263851849318644,TRUE,"available","available"
"MetaCardis_2020_a","MetaCardis_2020_a",1,"fourfold","MaAsLin3 joint","Turicimonas",0.325531169722485,0.325531169722485,TRUE,"available","available"
"MetaCardis_2020_a","MetaCardis_2020_a",1,"fourfold","MaAsLin3 joint","Veillonella",0.224988019777966,0.224988019777966,TRUE,"available","available"
"MetaCardis_2020_a","MetaCardis_2020_a",1,"sixfold","DASRA","Acidaminococcus",1,1,TRUE,"available","available"
"MetaCardis_2020_a","MetaCardis_2020_a",1,"sixfold","DASRA","Adlercreutzia",1,1,TRUE,"available","available"
"MetaCardis_2020_a","MetaCardis_2020_a",1,"sixfold","DASRA","Alistipes",0.845848942768365,0.845848942768365,TRUE,"available","available"
"MetaCardis_2020_a","MetaCardis_2020_a",1,"sixfold","DASRA","Anaeromassilibacillus",0.369374347634411,0.369374347634411,TRUE,"available","available"
"MetaCardis_2020_a","MetaCardis_2020_a",1,"sixfold","DASRA","Anaerotignum",0.479861669335454,0.479861669335454,TRUE,"available","available"
"MetaCardis_2020_a","MetaCardis_2020_a",1,"sixfold","DASRA","Bacteroides",0.115651364974357,0.115651364974357,TRUE,"available","available"
"MetaCardis_2020_a","MetaCardis_2020_a",1,"sixfold","DASRA","Bilophila",0.988696671734065,0.988696671734065,TRUE,"available","available"
"MetaCardis_2020_a","MetaCardis_2020_a",1,"sixfold","DASRA","Butyricimonas",0.330118011747976,0.330118011747976,TRUE,"available","available"
"MetaCardis_2020_a","MetaCardis_2020_a",1,"sixfold","DASRA","Butyrivibrio",1,1,TRUE,"available","available"
"MetaCardis_2020_a","MetaCardis_2020_a",1,"sixfold","DASRA","Christensenella",1,1,FALSE,"unavailable","one or both DASRA components were unavailable"
"MetaCardis_2020_a","MetaCardis_2020_a",1,"sixfold","DASRA","Clostridium",0.0627763129017314,0.0627763129017314,TRUE,"available","available"
"MetaCardis_2020_a","MetaCardis_2020_a",1,"sixfold","DASRA","Dielma",1,1,TRUE,"available","available"
"MetaCardis_2020_a","MetaCardis_2020_a",1,"sixfold","DASRA","Firmicutes_unclassified",0.840882282824534,0.840882282824534,TRUE,"available","available"
"MetaCardis_2020_a","MetaCardis_2020_a",1,"sixfold","DASRA","Flavonifractor",1,1,TRUE,"available","available"
"MetaCardis_2020_a","MetaCardis_2020_a",1,"sixfold","DASRA","Fusicatenibacter",0.0882235339130928,0.0882235339130928,TRUE,"available","available"
"MetaCardis_2020_a","MetaCardis_2020_a",1,"sixfold","DASRA","Holdemania",1,1,TRUE,"available","available"
"MetaCardis_2020_a","MetaCardis_2020_a",1,"sixfold","DASRA","Hungatella",0.039623144896183,0.039623144896183,TRUE,"available","available"
"MetaCardis_2020_a","MetaCardis_2020_a",1,"sixfold","DASRA","Intestinibacter",0.700403007058015,0.700403007058015,TRUE,"available","available"
"MetaCardis_2020_a","MetaCardis_2020_a",1,"sixfold","DASRA","Klebsiella",0.341777927260626,0.341777927260626,TRUE,"available","available"
"MetaCardis_2020_a","MetaCardis_2020_a",1,"sixfold","DASRA","Lactobacillus",0.250093910082551,0.250093910082551,TRUE,"available","available"
"MetaCardis_2020_a","MetaCardis_2020_a",1,"sixfold","DASRA","Lawsonibacter",1,1,TRUE,"available","available"
"MetaCardis_2020_a","MetaCardis_2020_a",1,"sixfold","DASRA","Monoglobus",1,1,TRUE,"available","available"
"MetaCardis_2020_a","MetaCardis_2020_a",1,"sixfold","DASRA","Parabacteroides",0.626978248759314,0.626978248759314,TRUE,"available","available"
"MetaCardis_2020_a","MetaCardis_2020_a",1,"sixfold","DASRA","Paraprevotella",0.797083380889825,0.797083380889825,TRUE,"available","available"
"MetaCardis_2020_a","MetaCardis_2020_a",1,"sixfold","DASRA","Proteobacteria_unclassified",0.209367526922878,0.209367526922878,TRUE,"available","available"
"MetaCardis_2020_a","MetaCardis_2020_a",1,"sixfold","DASRA","Ruminococcaceae_unclassified",0.693001929443323,0.693001929443323,TRUE,"available","available"
"MetaCardis_2020_a","MetaCardis_2020_a",1,"sixfold","DASRA","Ruminococcus",0.754111807131512,0.754111807131512,TRUE,"available","available"
"MetaCardis_2020_a","MetaCardis_2020_a",1,"sixfold","DASRA","Sellimonas",0.690261089016763,0.690261089016763,TRUE,"available","available"
"MetaCardis_2020_a","MetaCardis_2020_a",1,"sixfold","DASRA","Turicimonas",0.442262927667556,0.442262927667556,TRUE,"available","available"
"MetaCardis_2020_a","MetaCardis_2020_a",1,"sixfold","DASRA","Veillonella",0.217433419154787,0.217433419154787,TRUE,"available","available"
"MetaCardis_2020_a","MetaCardis_2020_a",1,"sixfold","ZINQ Cauchy","Acidaminococcus",0.439635259035621,0.439635259035621,TRUE,"available","available"
"MetaCardis_2020_a","MetaCardis_2020_a",1,"sixfold","ZINQ Cauchy","Adlercreutzia",0.877737688836717,0.877737688836717,TRUE,"available","available"
"MetaCardis_2020_a","MetaCardis_2020_a",1,"sixfold","ZINQ Cauchy","Alistipes",0.782959251007945,0.782959251007945,TRUE,"available","available"
"MetaCardis_2020_a","MetaCardis_2020_a",1,"sixfold","ZINQ Cauchy","Anaeromassilibacillus",0.881800365477415,0.881800365477415,TRUE,"available","available"
"MetaCardis_2020_a","MetaCardis_2020_a",1,"sixfold","ZINQ Cauchy","Anaerotignum",0.97517429561463,0.97517429561463,TRUE,"available","available"
"MetaCardis_2020_a","MetaCardis_2020_a",1,"sixfold","ZINQ Cauchy","Bacteroides",0.00831832816218714,0.00831832816218714,TRUE,"available","available"
"MetaCardis_2020_a","MetaCardis_2020_a",1,"sixfold","ZINQ Cauchy","Bilophila",0.342641427652685,0.342641427652685,TRUE,"available","available"
"MetaCardis_2020_a","MetaCardis_2020_a",1,"sixfold","ZINQ Cauchy","Butyricimonas",0.744490751410711,0.744490751410711,TRUE,"available","available"
"MetaCardis_2020_a","MetaCardis_2020_a",1,"sixfold","ZINQ Cauchy","Butyrivibrio",0.412652048233577,0.412652048233577,TRUE,"available","available"
"MetaCardis_2020_a","MetaCardis_2020_a",1,"sixfold","ZINQ Cauchy","Christensenella",0.999999999999998,0.999999999999998,TRUE,"available","available"
"MetaCardis_2020_a","MetaCardis_2020_a",1,"sixfold","ZINQ Cauchy","Clostridium",0.299895966021293,0.299895966021293,TRUE,"available","available"
"MetaCardis_2020_a","MetaCardis_2020_a",1,"sixfold","ZINQ Cauchy","Dielma",0.172610865839774,0.172610865839774,TRUE,"available","available"
"MetaCardis_2020_a","MetaCardis_2020_a",1,"sixfold","ZINQ Cauchy","Firmicutes_unclassified",0.919416632999029,0.919416632999029,TRUE,"available","available"
"MetaCardis_2020_a","MetaCardis_2020_a",1,"sixfold","ZINQ Cauchy","Flavonifractor",0.438598156153824,0.438598156153824,TRUE,"available","available"
"MetaCardis_2020_a","MetaCardis_2020_a",1,"sixfold","ZINQ Cauchy","Fusicatenibacter",0.347400316802904,0.347400316802904,TRUE,"available","available"
"MetaCardis_2020_a","MetaCardis_2020_a",1,"sixfold","ZINQ Cauchy","Holdemania",0.219499183005428,0.219499183005428,TRUE,"available","available"
"MetaCardis_2020_a","MetaCardis_2020_a",1,"sixfold","ZINQ Cauchy","Hungatella",0.683201936670521,0.683201936670521,TRUE,"available","available"
"MetaCardis_2020_a","MetaCardis_2020_a",1,"sixfold","ZINQ Cauchy","Intestinibacter",0.0988666187572671,0.0988666187572671,TRUE,"available","available"
"MetaCardis_2020_a","MetaCardis_2020_a",1,"sixfold","ZINQ Cauchy","Klebsiella",0.283341991801201,0.283341991801201,TRUE,"available","available"
"MetaCardis_2020_a","MetaCardis_2020_a",1,"sixfold","ZINQ Cauchy","Lactobacillus",0.300576834429889,0.300576834429889,TRUE,"available","available"
"MetaCardis_2020_a","MetaCardis_2020_a",1,"sixfold","ZINQ Cauchy","Lawsonibacter",0.27964468177157,0.27964468177157,TRUE,"available","available"
"MetaCardis_2020_a","MetaCardis_2020_a",1,"sixfold","ZINQ Cauchy","Monoglobus",0.408221873171425,0.408221873171425,TRUE,"available","available"
"MetaCardis_2020_a","MetaCardis_2020_a",1,"sixfold","ZINQ Cauchy","Parabacteroides",0.529366552289872,0.529366552289872,TRUE,"available","available"
"MetaCardis_2020_a","MetaCardis_2020_a",1,"sixfold","ZINQ Cauchy","Paraprevotella",0.0154290161302163,0.0154290161302163,TRUE,"available","available"
"MetaCardis_2020_a","MetaCardis_2020_a",1,"sixfold","ZINQ Cauchy","Proteobacteria_unclassified",0.347366387961664,0.347366387961664,TRUE,"available","available"
"MetaCardis_2020_a","MetaCardis_2020_a",1,"sixfold","ZINQ Cauchy","Ruminococcaceae_unclassified",0.395843080835153,0.395843080835153,TRUE,"available","available"
"MetaCardis_2020_a","MetaCardis_2020_a",1,"sixfold","ZINQ Cauchy","Ruminococcus",0.757788323232491,0.757788323232491,TRUE,"available","available"
"MetaCardis_2020_a","MetaCardis_2020_a",1,"sixfold","ZINQ Cauchy","Sellimonas",0.480161307005094,0.480161307005094,TRUE,"available","available"
"MetaCardis_2020_a","MetaCardis_2020_a",1,"sixfold","ZINQ Cauchy","Turicimonas",0.516151660920526,0.516151660920526,TRUE,"available","available"
"MetaCardis_2020_a","MetaCardis_2020_a",1,"sixfold","ZINQ Cauchy","Veillonella",0.335375918982004,0.335375918982004,TRUE,"available","available"
"MetaCardis_2020_a","MetaCardis_2020_a",1,"sixfold","MaAsLin3 joint","Acidaminococcus",0.474575433546243,0.474575433546243,TRUE,"available","available"
"MetaCardis_2020_a","MetaCardis_2020_a",1,"sixfold","MaAsLin3 joint","Adlercreutzia",0.982449962078994,0.982449962078994,TRUE,"available","available"
"MetaCardis_2020_a","MetaCardis_2020_a",1,"sixfold","MaAsLin3 joint","Alistipes",0.824613848322965,0.824613848322965,TRUE,"available","available"
"MetaCardis_2020_a","MetaCardis_2020_a",1,"sixfold","MaAsLin3 joint","Anaeromassilibacillus",0.1640014357143,0.1640014357143,TRUE,"available","available"
"MetaCardis_2020_a","MetaCardis_2020_a",1,"sixfold","MaAsLin3 joint","Anaerotignum",0.47177861208262,0.47177861208262,TRUE,"available","available"
"MetaCardis_2020_a","MetaCardis_2020_a",1,"sixfold","MaAsLin3 joint","Bacteroides",1,0.115890109373535,FALSE,"unavailable","both component models and a consistent joint p-value were required"
"MetaCardis_2020_a","MetaCardis_2020_a",1,"sixfold","MaAsLin3 joint","Bilophila",0.6705316254298,0.6705316254298,TRUE,"available","available"
"MetaCardis_2020_a","MetaCardis_2020_a",1,"sixfold","MaAsLin3 joint","Butyricimonas",0.913238689784647,0.913238689784647,TRUE,"available","available"
"MetaCardis_2020_a","MetaCardis_2020_a",1,"sixfold","MaAsLin3 joint","Butyrivibrio",0.225536622426169,0.225536622426169,TRUE,"available","available"
"MetaCardis_2020_a","MetaCardis_2020_a",1,"sixfold","MaAsLin3 joint","Christensenella",1,0.135127534040763,FALSE,"unavailable","both component models and a consistent joint p-value were required"
"MetaCardis_2020_a","MetaCardis_2020_a",1,"sixfold","MaAsLin3 joint","Clostridium",0.364630286684039,0.364630286684039,TRUE,"available","available"
"MetaCardis_2020_a","MetaCardis_2020_a",1,"sixfold","MaAsLin3 joint","Dielma",0.0602456849935034,0.0602456849935034,TRUE,"available","available"
"MetaCardis_2020_a","MetaCardis_2020_a",1,"sixfold","MaAsLin3 joint","Firmicutes_unclassified",0.730206192213877,0.730206192213877,TRUE,"available","available"
"MetaCardis_2020_a","MetaCardis_2020_a",1,"sixfold","MaAsLin3 joint","Flavonifractor",0.505317024730777,0.505317024730777,TRUE,"available","available"
"MetaCardis_2020_a","MetaCardis_2020_a",1,"sixfold","MaAsLin3 joint","Fusicatenibacter",0.168372583849023,0.168372583849023,TRUE,"available","available"
"MetaCardis_2020_a","MetaCardis_2020_a",1,"sixfold","MaAsLin3 joint","Holdemania",0.365582432298974,0.365582432298974,TRUE,"available","available"
"MetaCardis_2020_a","MetaCardis_2020_a",1,"sixfold","MaAsLin3 joint","Hungatella",0.106048215790208,0.106048215790208,TRUE,"available","available"
"MetaCardis_2020_a","MetaCardis_2020_a",1,"sixfold","MaAsLin3 joint","Intestinibacter",0.457917555989548,0.457917555989548,TRUE,"available","available"
"MetaCardis_2020_a","MetaCardis_2020_a",1,"sixfold","MaAsLin3 joint","Klebsiella",0.499329556159893,0.499329556159893,TRUE,"available","available"
"MetaCardis_2020_a","MetaCardis_2020_a",1,"sixfold","MaAsLin3 joint","Lactobacillus",0.0457075142267449,0.0457075142267449,TRUE,"available","available"
"MetaCardis_2020_a","MetaCardis_2020_a",1,"sixfold","MaAsLin3 joint","Lawsonibacter",0.192646713958255,0.192646713958255,TRUE,"available","available"
"MetaCardis_2020_a","MetaCardis_2020_a",1,"sixfold","MaAsLin3 joint","Monoglobus",0.696714987205194,0.696714987205194,TRUE,"available","available"
"MetaCardis_2020_a","MetaCardis_2020_a",1,"sixfold","MaAsLin3 joint","Parabacteroides",0.531917535685566,0.531917535685566,TRUE,"available","available"
"MetaCardis_2020_a","MetaCardis_2020_a",1,"sixfold","MaAsLin3 joint","Paraprevotella",0.0242682180252125,0.0242682180252125,TRUE,"available","available"
"MetaCardis_2020_a","MetaCardis_2020_a",1,"sixfold","MaAsLin3 joint","Proteobacteria_unclassified",0.555212137809805,0.555212137809805,TRUE,"available","available"
"MetaCardis_2020_a","MetaCardis_2020_a",1,"sixfold","MaAsLin3 joint","Ruminococcaceae_unclassified",0.0471102126261963,0.0471102126261963,TRUE,"available","available"
"MetaCardis_2020_a","MetaCardis_2020_a",1,"sixfold","MaAsLin3 joint","Ruminococcus",0.381462005186458,0.381462005186458,TRUE,"available","available"
"MetaCardis_2020_a","MetaCardis_2020_a",1,"sixfold","MaAsLin3 joint","Sellimonas",0.653901133710919,0.653901133710919,TRUE,"available","available"
"MetaCardis_2020_a","MetaCardis_2020_a",1,"sixfold","MaAsLin3 joint","Turicimonas",0.428960770516328,0.428960770516328,TRUE,"available","available"
"MetaCardis_2020_a","MetaCardis_2020_a",1,"sixfold","MaAsLin3 joint","Veillonella",0.431994572641151,0.431994572641151,TRUE,"available","available"
